{"xmin": -0.07484211318476348, "xmax": 0.369525, "ymin": 0.0, "ymax": 0.15}