{"pop_index": 0, "gens": 51, "cd": [0.13490132815849448, 0.08918144327228651, 0.08918144327228651, 0.07921218131512453, 0.07708869650276297, 0.07708869650276297, 0.06612985947415086, 0.06429802555291855, 0.06316293482061601, 0.06316293482061601, 0.0628030058105512, 0.0628030058105512, 0.0628030058105512, 0.054197137573162656, 0.04521087914084305, 0.04420065088924602, 0.04420065088924602, 0.04018938727995659, 0.04018938727995659, 0.04009399204726274, 0.03999744411376683, 0.03993233522052031, 0.03986305148559185, 0.039706423941684464, 0.039706423941684464, 0.039706423941684464, 0.03950084412229325, 0.03648289623073147, 0.03648289623073147, 0.03648289623073147, 0.03648289623073147, 0.03648289623073147, 0.03648289623073147, 0.03648289623073147, 0.03648289623073147, 0.03648289623073147, 0.036446307494687614, 0.036446307494687614, 0.036445483243301366, 0.036445483243301366, 0.036445483243301366, 0.036445483243301366, 0.036445483243301366, 0.036445483243301366, 0.036445483243301366, 0.036445483243301366, 0.036445483243301366, 0.036445483243301366, 0.036445483243301366, 0.036445483243301366, 0.036445483243301366], "L": 1.0, "LD": 2.0, "r0": 0.01, "r3": 0.25, "pc": 0.8, "pm": 0.2}